Bulbulu Oldurmek,1234567891013,5
1234567891013_1,0,ON_SHELF
1234567891013_2,0,ON_SHELF
1234567891013_3,0,ON_SHELF
1234567891013_4,0,ON_SHELF
1234567891013_5,0,ON_SHELF
Enstitu,1234567891016,2
1234567891016_1,0,ON_SHELF
1234567891016_2,0,ON_SHELF
Felsefe Tarihi,1234567891014,3
1234567891014_1,0,ON_SHELF
1234567891014_2,0,ON_SHELF
1234567891014_3,0,ON_SHELF
Icimdeki Muzik,1234567891018,3
1234567891018_1,0,ON_SHELF
1234567891018_2,0,ON_SHELF
1234567891018_3,0,ON_SHELF
Otranto Satosu,1234567891021,5
1234567891021_1,0,ON_SHELF
1234567891021_2,0,ON_SHELF
1234567891021_3,1,24000000
1234567891021_4,0,ON_SHELF
1234567891021_5,0,ON_SHELF
Palto,1234567891017,1
1234567891017_1,0,ON_SHELF
Puslu kitalar atlasi,1234567891022,6
1234567891022_1,0,ON_SHELF
1234567891022_2,0,ON_SHELF
1234567891022_3,0,ON_SHELF
1234567891022_4,0,ON_SHELF
1234567891022_5,0,ON_SHELF
1234567891022_6,0,ON_SHELF
Saatleri Ayarlama Enstitusu,1234567891020,1
1234567891020_1,0,ON_SHELF
Suc ve Ceza,1234567891012,2
1234567891012_1,0,ON_SHELF
1234567891012_2,0,ON_SHELF
Yasamak,1234567891015,1
1234567891015_1,1,23000000
